1;2;3
2;1;4
3;1;4
4;2;3
5;6;7
6;5;8
7;5;8
8;6;7
9;10;12
10;9;12
11;13;15
12;9;10
13;11;14
14;13;15
15;11;14
16;17;20
17;16;18
18;17;19
19;18;21
20;16;21
21;19;20
22;23;30
23;22;24
24;23;25
25;24;27
26;27;28
27;25;26
28;26;29
29;28;30
30;22;29
31;32;34
32;31;34
33;35;38
34;31;32
35;33;38
36;37;40
37;36;39
38;33;35
39;37;41
40;36;41
41;39;40
42;43;44
43;42;44
44;42;43
45;46;48
46;45;48
47;49;50
48;45;46
49;47;50
50;47;49
51;52;53
52;51;54
53;51;55
54;52;55
55;53;54
56;57;58
57;56;60
58;56;59
59;58;61
60;57;64
61;59;62
62;61;63
63;62;64
64;60;63
65;66;68
66;65;68
67;69;71
68;65;66
69;67;73
70;71;74
71;67;70
72;73;74
73;69;72
74;70;72
75;76;78
76;75;77
77;76;79
78;75;79
79;77;78
80;81;82
81;80;82
82;80;81
83;84;90
84;83;85
85;84;89
86;87;88
87;86;88
88;86;87
89;85;90
90;83;89
91;92;95
92;91;94
93;94;95
94;92;93
95;91;93
96;97;99
97;96;98
98;97;99
99;96;98
100;101;104
101;100;103
102;103;104
103;101;102
104;100;102
105;106;111
106;105;109
107;108;109
108;107;111
109;106;107
110;112;118
111;105;108
112;110;115
113;114;115
114;113;119
115;112;113
116;117;118
117;116;120
118;110;116
119;114;120
120;117;119
121;122;127
122;121;123
123;122;124
124;123;129
125;126;127
126;125;128
127;121;125
128;126;129
129;124;128
130;131;132
131;130;132
132;130;131
133;134;136
134;133;135
135;134;138
136;133;137
137;136;138
138;135;137
139;140;143
140;139;141
141;140;144
142;143;145
143;139;142
144;141;149
145;142;150
146;147;148
147;146;148
148;146;147
149;144;155
150;145;151
151;150;152
152;151;154
153;154;157
154;152;153
155;149;160
156;157;158
157;153;156
158;156;159
159;158;161
160;155;161
161;159;160
162;163;166
163;162;165
164;165;167
165;163;164
166;162;168
167;164;168
168;166;167
169;170;174
170;169;173
171;172;175
172;171;173
173;170;172
174;169;177
175;171;176
176;175;177
177;174;176
178;179;180
179;178;181
180;178;181
181;179;180
182;183;185
183;182;184
184;183;185
185;182;184
186;187;188
187;186;188
188;186;187
189;190;194
190;189;191
191;190;197
192;193;194
193;192;198
194;189;192
195;196;198
196;195;197
197;191;196
198;193;195
199;200;201
200;199;201
201;199;200
202;203;204
203;202;204
204;202;203
205;206;207
206;205;207
207;205;206
208;209;210
209;208;211
210;208;211
211;209;210
212;213;217
213;212;219
214;215;223
215;214;217
216;218;219
217;212;215
218;216;220
219;213;216
220;218;221
221;220;223
222;224;226
223;214;221
224;222;229
225;226;227
226;222;225
227;225;228
228;227;229
229;224;228
230;231;232
231;230;234
232;230;235
233;234;236
234;231;233
235;232;245
236;233;237
237;236;238
238;237;239
239;238;241
240;241;242
241;239;240
242;240;244
243;244;246
244;242;243
245;235;246
246;243;245
247;248;250
248;247;251
249;250;251
250;247;249
251;248;249
252;253;255
253;252;256
254;255;256
255;252;254
256;253;254
257;258;259
258;257;260
259;257;260
260;258;259
261;262;263
262;261;263
263;261;262
264;265;266
265;264;266
266;264;265
267;268;271
268;267;270
269;270;271
270;268;269
271;267;269
272;273;275
273;272;276
274;275;276
275;272;274
276;273;274
277;278;279
278;277;279
279;277;278
280;281;282
281;280;283
282;280;284
283;281;286
284;282;285
285;284;286
286;283;285
287;288;290
288;287;291
289;290;291
290;287;289
291;288;289
292;293;299
293;292;294
294;293;295
295;294;296
296;295;300
297;298;303
298;297;299
299;292;298
300;296;301
301;300;302
302;301;303
303;297;302
304;305;307
305;304;307
306;308;309
307;304;305
308;306;310
309;306;311
310;308;311
311;309;310
312;313;316
313;312;314
314;313;315
315;314;316
316;312;315
317;318;321
318;317;320
319;320;322
320;318;319
321;317;323
322;319;323
323;321;322
324;325;326
325;324;326
326;324;325
327;328;329
328;327;331
329;327;330
330;329;332
331;328;333
332;330;334
333;331;334
334;332;333
335;336;340
336;335;337
337;336;338
338;337;341
339;340;344
340;335;339
341;338;342
342;341;345
343;344;345
344;339;343
345;342;343
346;347;348
347;346;351
348;346;349
349;348;352
350;351;354
351;347;350
352;349;353
353;352;355
354;350;357
355;353;359
356;357;359
357;354;356
358;360;361
359;355;356
360;358;361
361;358;360
362;363;366
363;362;364
364;363;366
365;367;370
366;362;364
367;365;370
368;369;371
369;368;371
370;365;367
371;368;369
372;373;374
373;372;376
374;372;379
375;376;377
376;373;375
377;375;378
378;377;379
379;374;378
380;381;382
381;380;384
382;380;383
383;382;384
384;381;383
385;386;388
386;385;387
387;386;389
388;385;391
389;387;395
390;391;393
391;388;390
392;393;394
393;390;392
394;392;395
395;389;394
396;397;402
397;396;398
398;397;401
399;400;401
400;399;404
401;398;399
402;396;403
403;402;406
404;400;406
405;407;410
406;403;404
407;405;408
408;407;409
409;408;411
410;405;411
411;409;410
412;413;415
413;412;418
414;415;419
415;412;414
416;417;418
417;416;422
418;413;416
419;414;420
420;419;421
421;420;423
422;417;423
423;421;422
424;425;430
425;424;430
426;427;429
427;426;429
428;431;432
429;426;427
430;424;425
431;428;432
432;428;431
433;434;435
434;433;435
435;433;434
436;437;439
437;436;438
438;437;439
439;436;438
440;441;444
441;440;442
442;441;444
443;445;446
444;440;442
445;443;446
446;443;445
447;448;449
448;447;450
449;447;451
450;448;457
451;449;453
452;453;454
453;451;452
454;452;455
455;454;456
456;455;459
457;450;458
458;457;460
459;456;460
460;458;459
461;462;463
462;461;463
463;461;462
464;465;466
465;464;468
466;464;468
467;469;470
468;465;466
469;467;470
470;467;469
471;472;474
472;471;474
473;475;478
474;471;472
475;473;479
476;477;479
477;476;478
478;473;477
479;475;476
480;481;483
481;480;482
482;481;483
483;480;482
484;485;489
485;484;486
486;485;487
487;486;488
488;487;489
489;484;488
490;491;494
491;490;492
492;491;495
493;494;496
494;490;493
495;492;496
496;493;495
497;498
498;497;499
499;498
500
